Employee_Name,EmpID,EmpStatusID,FromDiversityJobFairID,CitizenDesc,HispanicLatino,DateofHire,DateofTermination,TermReason,EmploymentStatus,RecruitmentSource
"Adinolfi, Wilson  K",10026,1,0,US Citizen,No,7/5/2011,null,N/A-StillEmployed,Active,LinkedIn
"Ait Sidi, Karthikeyan   ",10084,5,0,US Citizen,No,3/30/2015,6/16/2016,career change,Voluntarily Terminated,Indeed
"Akinkuolie, Sarah",10196,5,0,US Citizen,No,7/5/2011,9/24/2012,hours,Voluntarily Terminated,LinkedIn
"Alagbe,Trina",10088,1,0,US Citizen,No,1/7/2008,null,N/A-StillEmployed,Active,Indeed
"Anderson, Carol ",10069,5,0,US Citizen,No,7/11/2011,9/6/2016,return to school,Voluntarily Terminated,Google Search
"Anderson, Linda  ",10002,1,0,US Citizen,No,1/9/2012,null,N/A-StillEmployed,Active,LinkedIn
"Andreola, Colby",10194,1,0,US Citizen,No,11/10/2014,null,N/A-StillEmployed,Active,LinkedIn
"Athwal, Sam",10062,1,0,US Citizen,No,9/30/2013,null,N/A-StillEmployed,Active,Employee Referral
"Bachiochi, Linda",10114,3,1,US Citizen,No,7/6/2009,null,N/A-StillEmployed,Active,Diversity Job Fair
"Bacong, Alejandro ",10250,1,0,US Citizen,No,1/5/2015,null,N/A-StillEmployed,Active,Indeed
"Baczenski, Rachael  ",10252,5,1,US Citizen,Yes,1/10/2011,1/12/2017,Another position,Voluntarily Terminated,Diversity Job Fair
"Barbara, Thomas",10242,5,1,US Citizen,Yes,4/2/2012,9/19/2016,unhappy,Voluntarily Terminated,Diversity Job Fair
"Barbossa, Hector",10012,1,1,US Citizen,No,11/10/2014,null,N/A-StillEmployed,Active,Diversity Job Fair
"Barone, Francesco  A",10265,1,0,US Citizen,No,2/20/2012,null,N/A-StillEmployed,Active,Google Search
"Barton, Nader",10066,5,0,US Citizen,No,9/24/2012,4/6/2017,Another position,Voluntarily Terminated,On-line Web application
"Bates, Norman",10061,4,0,US Citizen,No,2/21/2011,8/4/2017,attendance,Terminated for Cause,Google Search
"Beak, Kimberly  ",10023,2,0,US Citizen,No,7/21/2016,null,N/A-StillEmployed,Active,Employee Referral
"Beatrice, Courtney ",10055,1,0,Eligible NonCitizen,No,4/4/2011,null,N/A-StillEmployed,Active,Google Search
"Becker, Renee",10245,4,0,US Citizen,Yes,7/7/2014,9/12/2015,performance,Terminated for Cause,Google Search
"Becker, Scott",10277,3,0,US Citizen,No,7/8/2013,null,N/A-StillEmployed,Active,LinkedIn
"Bernstein, Sean",10046,1,0,US Citizen,Yes,4/2/2012,null,N/A-StillEmployed,Active,Google Search
"Biden, Lowan  M",10226,1,0,US Citizen,No,8/19/2013,null,N/A-StillEmployed,Active,Indeed
"Billis, Helen",10003,1,0,US Citizen,No,7/7/2014,null,N/A-StillEmployed,Active,Indeed
"Blount, Dianna",10294,1,0,US Citizen,No,4/4/2011,null,N/A-StillEmployed,Active,CareerBuilder
"Bondwell, Betsy",10267,5,0,US Citizen,No,1/10/2011,4/4/2014,career change,Voluntarily Terminated,Google Search
"Booth, Frank",10199,4,0,US Citizen,No,2/17/2014,2/19/2016,Learned that he is a gangster,Terminated for Cause,LinkedIn
"Boutwell, Bonalyn",10081,1,1,US Citizen,No,2/16/2015,null,N/A-StillEmployed,Active,Diversity Job Fair
"Bozzi, Charles",10175,5,0,US Citizen,No,9/30/2013,8/7/2014,retiring,Voluntarily Terminated,Indeed
"Brill, Donna",10177,5,0,US Citizen,No,4/2/2012,6/15/2013,Another position,Voluntarily Terminated,Google Search
"Brown, Mia",10238,1,1,US Citizen,No,10/27/2008,null,N/A-StillEmployed,Active,Diversity Job Fair
"Buccheri, Joseph  ",10184,1,0,US Citizen,No,9/29/2014,null,N/A-StillEmployed,Active,Google Search
"Bugali, Josephine ",10203,3,1,US Citizen,No,11/11/2013,null,N/A-StillEmployed,Active,Diversity Job Fair
"Bunbury, Jessica",10188,5,0,Eligible NonCitizen,No,8/15/2011,8/2/2014,Another position,Voluntarily Terminated,Google Search
"Burke, Joelle",10107,1,0,US Citizen,No,3/5/2012,null,N/A-StillEmployed,Active,Employee Referral
"Burkett, Benjamin ",10181,1,0,US Citizen,No,4/4/2011,null,N/A-StillEmployed,Active,Indeed
"Cady, Max ",10150,1,0,US Citizen,No,8/15/2011,null,N/A-StillEmployed,Active,Google Search
"Candie, Calvin",10001,1,0,US Citizen,No,1/28/2016,null,N/A-StillEmployed,Active,Indeed
"Carabbio, Judith",10085,1,0,US Citizen,No,11/11/2013,null,N/A-StillEmployed,Active,Indeed
"Carey, Michael  ",10115,1,0,US Citizen,No,3/31/2014,null,N/A-StillEmployed,Active,LinkedIn
"Carr, Claudia  N",10082,2,0,US Citizen,No,6/30/2016,null,N/A-StillEmployed,Active,LinkedIn
"Carter, Michelle ",10040,1,0,US Citizen,No,8/18/2014,null,N/A-StillEmployed,Active,Indeed
"Chace, Beatrice ",10067,1,0,US Citizen,No,9/29/2014,null,N/A-StillEmployed,Active,Google Search
"Champaigne, Brian",10108,1,0,US Citizen,No,9/6/2016,null,N/A-StillEmployed,Active,Indeed
"Chan, Lin",10210,1,0,US Citizen,No,5/12/2014,null,N/A-StillEmployed,Active,Indeed
"Chang, Donovan  E",10154,1,0,US Citizen,No,7/8/2013,null,N/A-StillEmployed,Active,LinkedIn
"Chigurh, Anton",10200,1,0,Eligible NonCitizen,No,5/14/2012,null,N/A-StillEmployed,Active,Employee Referral
"Chivukula, Enola",10240,5,0,US Citizen,No,6/27/2011,11/15/2015,relocation out of area,Voluntarily Terminated,Indeed
"Cierpiszewski, Caroline  ",10168,1,0,Non-Citizen,No,10/3/2011,null,N/A-StillEmployed,Active,Indeed
"Clayton, Rick",10220,1,0,US Citizen,No,9/5/2012,null,N/A-StillEmployed,Active,Indeed
"Cloninger, Jennifer",10275,5,0,US Citizen,No,5/16/2011,1/7/2013,unhappy,Voluntarily Terminated,Google Search
"Close, Phil",10269,5,0,US Citizen,No,8/30/2010,9/26/2011,career change,Voluntarily Terminated,Indeed
"Clukey, Elijian",10029,2,0,US Citizen,No,7/6/2016,null,N/A-StillEmployed,Active,Employee Referral
"Cockel, James",10261,1,0,US Citizen,No,7/8/2013,null,N/A-StillEmployed,Active,Employee Referral
"Cole, Spencer",10292,4,0,US Citizen,No,7/11/2011,9/23/2016,performance,Terminated for Cause,LinkedIn
"Corleone, Michael",10282,1,0,US Citizen,No,7/20/2010,null,N/A-StillEmployed,Active,CareerBuilder
"Corleone, Vito",10019,1,0,US Citizen,No,1/5/2009,null,N/A-StillEmployed,Active,Indeed
"Cornett, Lisa ",10094,1,0,US Citizen,Yes,1/5/2015,null,N/A-StillEmployed,Active,Indeed
"Costello, Frank",10193,1,0,US Citizen,No,3/30/2015,null,N/A-StillEmployed,Active,Indeed
"Crimmings,   Jean",10132,2,0,US Citizen,No,7/6/2016,null,N/A-StillEmployed,Active,LinkedIn
"Cross, Noah",10083,1,0,US Citizen,No,11/10/2014,null,N/A-StillEmployed,Active,Employee Referral
"Daneault, Lynn",10099,1,0,US Citizen,No,5/5/2014,null,N/A-StillEmployed,Active,Indeed
"Daniele, Ann  ",10212,3,0,US Citizen,No,11/10/2014,null,N/A-StillEmployed,Active,LinkedIn
"Darson, Jene'ya ",10056,1,0,US Citizen,No,7/2/2012,null,N/A-StillEmployed,Active,Indeed
"Davis, Daniel",10143,1,0,Eligible NonCitizen,No,11/7/2011,null,N/A-StillEmployed,Active,LinkedIn
"Dee, Randy",10311,1,0,US Citizen,No,7/9/2018,null,N/A-StillEmployed,Active,Indeed
"DeGweck,  James",10070,5,0,US Citizen,No,5/16/2011,6/8/2016,unhappy,Voluntarily Terminated,Indeed
"Del Bosque, Keyla",10155,1,0,US Citizen,No,1/9/2012,null,N/A-StillEmployed,Active,CareerBuilder
"Delarge, Alex",10306,1,0,US Citizen,No,9/29/2014,null,N/A-StillEmployed,Active,Indeed
"Demita, Carla",10100,5,0,US Citizen,No,4/4/2011,11/4/2015,more money,Voluntarily Terminated,Google Search
"Desimone, Carl ",10310,1,0,US Citizen,No,7/7/2014,null,N/A-StillEmployed,Active,Indeed
"DeVito, Tommy",10197,1,0,US Citizen,No,2/15/2017,null,N/A-StillEmployed,Active,Indeed
"Dickinson, Geoff ",10276,1,0,US Citizen,No,5/12/2014,null,N/A-StillEmployed,Active,Indeed
"Dietrich, Jenna  ",10304,1,0,US Citizen,Yes,2/20/2012,null,N/A-StillEmployed,Active,Website
"DiNocco, Lily ",10284,1,0,US Citizen,No,1/7/2013,null,N/A-StillEmployed,Active,Indeed
"Dobrin, Denisa  S",10207,1,0,US Citizen,Yes,4/2/2012,null,N/A-StillEmployed,Active,CareerBuilder
"Dolan, Linda",10133,1,0,US Citizen,No,1/5/2015,null,N/A-StillEmployed,Active,Employee Referral
"Dougall, Eric",10028,1,0,US Citizen,No,1/5/2014,null,N/A-StillEmployed,Active,Indeed
"Driver, Elle",10006,1,0,US Citizen,No,1/10/2011,null,N/A-StillEmployed,Active,Indeed
"Dunn, Amy  ",10105,1,0,US Citizen,No,9/18/2014,null,N/A-StillEmployed,Active,Google Search
"Dunne, Amy",10211,1,0,US Citizen,No,4/26/2010,null,N/A-StillEmployed,Active,Google Search
"Eaton, Marianne",10064,5,0,US Citizen,No,4/4/2011,6/6/2017,military,Voluntarily Terminated,Google Search
"Engdahl, Jean",10247,1,0,US Citizen,No,11/10/2014,null,N/A-StillEmployed,Active,LinkedIn
"England, Rex",10235,1,0,US Citizen,No,3/31/2014,null,N/A-StillEmployed,Active,Employee Referral
"Erilus, Angela",10299,1,0,US Citizen,No,7/7/2014,null,N/A-StillEmployed,Active,Indeed
"Estremera, Miguel",10280,4,0,US Citizen,No,4/2/2012,9/27/2018,attendance,Terminated for Cause,Google Search
"Evensen, April",10296,4,0,US Citizen,No,2/17/2014,2/25/2018,"no-call, no-show",Terminated for Cause,Google Search
"Exantus, Susan",10290,4,0,US Citizen,No,5/2/2011,6/5/2013,attendance,Terminated for Cause,Indeed
"Faller, Megan ",10263,1,0,US Citizen,No,7/7/2014,null,N/A-StillEmployed,Active,LinkedIn
"Fancett, Nicole",10136,1,0,US Citizen,No,2/17/2014,null,N/A-StillEmployed,Active,LinkedIn
"Ferguson, Susan",10189,5,0,US Citizen,No,11/7/2011,5/17/2016,military,Voluntarily Terminated,Google Search
"Fernandes, Nilson  ",10308,1,0,US Citizen,No,5/11/2015,null,N/A-StillEmployed,Active,Indeed
"Fett, Boba",10309,1,0,US Citizen,No,3/30/2015,null,N/A-StillEmployed,Active,LinkedIn
"Fidelia,  Libby",10049,1,0,US Citizen,No,1/9/2012,null,N/A-StillEmployed,Active,Google Search
"Fitzpatrick, Michael  J",10093,5,0,US Citizen,Yes,5/16/2011,6/24/2013,hours,Voluntarily Terminated,Google Search
"Foreman, Tanya",10163,5,0,US Citizen,No,4/4/2011,1/9/2013,career change,Voluntarily Terminated,Google Search
"Forrest, Alex",10305,1,0,US Citizen,No,9/29/2014,8/19/2018,Fatal attraction,Terminated for Cause,Employee Referral
"Foss, Jason",10015,1,0,US Citizen,No,4/15/2011,null,N/A-StillEmployed,Active,Indeed
"Foster-Baker, Amy",10080,1,0,US Citizen,no,1/5/2009,null,N/A-StillEmployed,Active,Other
"Fraval, Maruk ",10258,1,0,US Citizen,No,9/6/2011,null,N/A-StillEmployed,Active,CareerBuilder
"Galia, Lisa",10273,1,0,US Citizen,No,5/1/2010,null,N/A-StillEmployed,Active,LinkedIn
"Garcia, Raul",10111,1,0,US Citizen,Yes,3/30/2015,null,N/A-StillEmployed,Active,Employee Referral
"Gaul, Barbara",10257,1,0,US Citizen,Yes,5/16/2011,null,N/A-StillEmployed,Active,LinkedIn
"Gentry, Mildred",10159,1,0,US Citizen,No,3/30/2015,null,N/A-StillEmployed,Active,LinkedIn
"Gerke, Melisa",10122,5,1,US Citizen,No,11/7/2011,11/15/2016,hours,Voluntarily Terminated,Diversity Job Fair
"Gill, Whitney  ",10142,4,0,US Citizen,No,7/7/2014,9/5/2015,attendance,Terminated for Cause,CareerBuilder
"Gilles, Alex",10283,5,1,US Citizen,No,4/2/2012,6/25/2015,military,Voluntarily Terminated,Diversity Job Fair
"Girifalco, Evelyn",10018,1,0,US Citizen,Yes,9/29/2014,null,N/A-StillEmployed,Active,Indeed
"Givens, Myriam",10255,1,0,US Citizen,No,2/16/2015,null,N/A-StillEmployed,Active,Indeed
"Goble, Taisha",10246,4,0,US Citizen,No,2/16/2015,3/15/2015,"no-call, no-show",Terminated for Cause,Indeed
"Goeth, Amon",10228,1,0,US Citizen,Yes,3/30/2015,null,N/A-StillEmployed,Active,LinkedIn
"Gold, Shenice  ",10243,1,0,US Citizen,Yes,11/11/2013,null,N/A-StillEmployed,Active,Indeed
"Gonzalez, Cayo",10031,1,1,US Citizen,No,7/11/2011,null,N/A-StillEmployed,Active,Diversity Job Fair
"Gonzalez, Juan",10300,5,1,US Citizen,No,4/26/2010,5/30/2011,career change,Voluntarily Terminated,Diversity Job Fair
"Gonzalez, Maria",10101,1,0,US Citizen,Yes,1/5/2015,null,N/A-StillEmployed,Active,Employee Referral
"Good, Susan",10237,3,0,US Citizen,No,5/12/2014,null,N/A-StillEmployed,Active,LinkedIn
"Gordon, David",10051,1,0,US Citizen,No,7/2/2012,null,N/A-StillEmployed,Active,LinkedIn
"Gosciminski, Phylicia  ",10218,3,0,US Citizen,No,9/30/2013,null,N/A-StillEmployed,Active,Google Search
"Goyal, Roxana",10256,3,0,US Citizen,No,8/19/2013,null,N/A-StillEmployed,Active,LinkedIn
"Gray, Elijiah  ",10098,1,0,US Citizen,No,6/2/2015,null,N/A-StillEmployed,Active,Employee Referral
"Gross, Paula",10059,5,0,US Citizen,No,2/21/2011,1/11/2014,more money,Voluntarily Terminated,CareerBuilder
"Gruber, Hans",10234,1,0,US Citizen,No,4/20/2017,null,N/A-StillEmployed,Active,Indeed
"Guilianno, Mike",10109,5,0,US Citizen,No,3/7/2012,10/31/2014,relocation out of area,Voluntarily Terminated,LinkedIn
"Handschiegl, Joanne",10125,1,0,US Citizen,No,11/28/2011,null,N/A-StillEmployed,Active,Google Search
"Hankard, Earnest",10074,1,0,US Citizen,Yes,11/11/2013,null,N/A-StillEmployed,Active,LinkedIn
"Harrington, Christie ",10097,5,0,US Citizen,No,1/9/2012,12/15/2015,retiring,Voluntarily Terminated,CareerBuilder
"Harrison, Kara",10007,1,0,US Citizen,No,5/12/2014,null,N/A-StillEmployed,Active,CareerBuilder
"Heitzman, Anthony",10129,1,0,US Citizen,No,8/13/2012,null,N/A-StillEmployed,Active,Google Search
"Hendrickson, Trina",10075,5,0,US Citizen,No,1/10/2011,6/18/2013,hours,Voluntarily Terminated,CareerBuilder
"Hitchcock, Alfred",10167,1,0,US Citizen,No,8/18/2014,null,N/A-StillEmployed,Active,Indeed
"Homberger, Adrienne  J",10195,5,0,Non-Citizen,No,8/15/2011,4/7/2012,relocation out of area,Voluntarily Terminated,Indeed
"Horton, Jayne",10112,1,0,US Citizen,No,3/30/2015,null,N/A-StillEmployed,Active,Indeed
"Houlihan, Debra",10272,1,0,US Citizen,No,5/5/2014,null,N/A-StillEmployed,Active,LinkedIn
"Howard, Estelle",10182,1,0,US Citizen,No,2/16/2015,4/15/2015,"no-call, no-show",Terminated for Cause,Indeed
"Hudson, Jane",10248,1,0,US Citizen,No,2/20/2012,null,N/A-StillEmployed,Active,LinkedIn
"Hunts, Julissa",10201,2,0,US Citizen,No,6/6/2016,null,N/A-StillEmployed,Active,LinkedIn
"Hutter, Rosalie",10214,2,0,US Citizen,No,6/5/2015,null,N/A-StillEmployed,Active,Indeed
"Huynh, Ming",10160,5,0,US Citizen,No,2/21/2011,4/1/2013,unhappy,Voluntarily Terminated,Google Search
"Immediato, Walter",10289,5,0,US Citizen,No,2/21/2011,9/24/2012,unhappy,Voluntarily Terminated,Indeed
"Ivey, Rose ",10139,1,0,US Citizen,No,8/19/2013,null,N/A-StillEmployed,Active,Indeed
"Jackson, Maryellen",10227,1,0,US Citizen,No,11/5/2012,null,N/A-StillEmployed,Active,LinkedIn
"Jacobi, Hannah  ",10236,1,0,US Citizen,No,9/30/2013,null,N/A-StillEmployed,Active,Employee Referral
"Jeannite, Tayana",10009,1,0,US Citizen,No,7/5/2011,null,N/A-StillEmployed,Active,LinkedIn
"Jhaveri, Sneha  ",10060,1,0,US Citizen,No,1/6/2014,null,N/A-StillEmployed,Active,LinkedIn
"Johnson, George",10034,5,0,US Citizen,No,11/7/2011,4/29/2018,more money,Voluntarily Terminated,CareerBuilder
"Johnson, Noelle ",10156,3,0,US Citizen,No,1/5/2015,null,N/A-StillEmployed,Active,Indeed
"Johnston, Yen",10036,1,0,US Citizen,No,7/7/2014,null,N/A-StillEmployed,Active,LinkedIn
"Jung, Judy  ",10138,5,0,US Citizen,No,1/10/2011,4/1/2016,unhappy,Voluntarily Terminated,CareerBuilder
"Kampew, Donysha",10244,5,0,US Citizen,No,11/7/2011,4/24/2014,maternity leave - did not return,Voluntarily Terminated,Google Search
"Keatts, Kramer ",10192,1,0,US Citizen,No,9/30/2013,null,N/A-StillEmployed,Active,Indeed
"Khemmich, Bartholemew",10231,1,0,US Citizen,No,8/19/2013,null,N/A-StillEmployed,Active,Indeed
"King, Janet",10089,1,0,US Citizen,Yes,7/2/2012,null,N/A-StillEmployed,Active,Indeed
"Kinsella, Kathleen  ",10166,5,0,US Citizen,No,9/26/2011,6/4/2015,more money,Voluntarily Terminated,Google Search
"Kirill, Alexandra  ",10170,5,0,US Citizen,No,9/26/2011,1/9/2014,more money,Voluntarily Terminated,Google Search
"Knapp, Bradley  J",10208,1,0,US Citizen,No,2/17/2014,null,N/A-StillEmployed,Active,LinkedIn
"Kretschmer, John",10176,1,0,US Citizen,No,1/10/2011,null,N/A-StillEmployed,Active,Indeed
"Kreuger, Freddy",10165,1,1,US Citizen,Yes,3/7/2011,null,N/A-StillEmployed,Active,Diversity Job Fair
"Lajiri,  Jyoti",10113,3,0,US Citizen,No,11/10/2014,null,N/A-StillEmployed,Active,Employee Referral
"Landa, Hans",10092,4,0,US Citizen,No,1/10/2011,12/12/2015,attendance,Terminated for Cause,Employee Referral
"Langford, Lindsey",10106,5,0,US Citizen,No,1/7/2013,3/31/2014,Another position,Voluntarily Terminated,Indeed
"Langton, Enrico",10052,1,0,US Citizen,No,7/9/2012,null,N/A-StillEmployed,Active,LinkedIn
"LaRotonda, William  ",10038,1,0,US Citizen,No,1/6/2014,null,N/A-StillEmployed,Active,Website
"Latif, Mohammed",10249,5,0,US Citizen,No,4/2/2012,4/15/2013,more money,Voluntarily Terminated,Google Search
"Le, Binh",10232,1,0,US Citizen,No,10/2/2016,null,N/A-StillEmployed,Active,Indeed
"Leach, Dallas",10087,5,0,US Citizen,No,9/26/2011,8/19/2018,return to school,Voluntarily Terminated,CareerBuilder
"LeBlanc, Brandon  R",10134,1,0,US Citizen,No,1/5/2016,null,N/A-StillEmployed,Active,CareerBuilder
"Lecter, Hannibal",10251,1,0,US Citizen,No,5/14/2012,null,N/A-StillEmployed,Active,Google Search
"Leruth, Giovanni",10103,1,0,US Citizen,No,4/30/2012,null,N/A-StillEmployed,Active,Website
"Liebig, Ketsia",10017,1,0,US Citizen,No,9/30/2013,null,N/A-StillEmployed,Active,Website
"Linares, Marilyn ",10186,5,0,US Citizen,No,7/5/2011,9/26/2018,unhappy,Voluntarily Terminated,Indeed
"Linden, Mathew",10137,3,0,US Citizen,No,7/8/2013,null,N/A-StillEmployed,Active,LinkedIn
"Lindsay, Leonara ",10008,1,1,US Citizen,Yes,1/21/2011,null,N/A-StillEmployed,Active,Diversity Job Fair
"Lundy, Susan",10096,5,0,US Citizen,No,7/8/2013,9/15/2016,more money,Voluntarily Terminated,LinkedIn
"Lunquist, Lisa",10035,1,0,US Citizen,No,8/19/2013,null,N/A-StillEmployed,Active,Indeed
"Lydon, Allison",10057,3,0,US Citizen,No,2/16/2015,null,N/A-StillEmployed,Active,Website
"Lynch, Lindsay",10004,5,1,US Citizen,Yes,11/7/2011,11/14/2015,Another position,Voluntarily Terminated,Diversity Job Fair
"MacLennan, Samuel",10191,5,0,US Citizen,No,9/24/2012,9/26/2017,hours,Voluntarily Terminated,Indeed
"Mahoney, Lauren  ",10219,1,0,US Citizen,No,1/6/2014,null,N/A-StillEmployed,Active,LinkedIn
"Manchester, Robyn",10077,2,0,US Citizen,No,5/11/2016,null,N/A-StillEmployed,Active,LinkedIn
"Mancuso, Karen",10073,5,0,US Citizen,No,7/5/2011,8/19/2012,Another position,Voluntarily Terminated,LinkedIn
"Mangal, Debbie",10279,1,0,US Citizen,No,11/11/2013,null,N/A-StillEmployed,Active,LinkedIn
"Martin, Sandra",10110,1,0,US Citizen,No,11/11/2013,null,N/A-StillEmployed,Active,Google Search
"Maurice, Shana",10053,1,0,US Citizen,No,5/31/2011,null,N/A-StillEmployed,Active,Indeed
"Carthy, B'rigit",10076,1,0,US Citizen,No,3/30/2015,null,N/A-StillEmployed,Active,LinkedIn
"Mckenna, Sandy",10145,1,0,US Citizen,No,1/7/2013,null,N/A-StillEmployed,Active,CareerBuilder
"McKinzie, Jac",10202,2,0,US Citizen,No,7/6/2016,null,N/A-StillEmployed,Active,Website
"Meads, Elizabeth",10128,5,1,US Citizen,No,4/2/2012,11/11/2016,Another position,Voluntarily Terminated,Diversity Job Fair
"Medeiros, Jennifer",10068,1,0,US Citizen,No,3/30/2015,null,N/A-StillEmployed,Active,CareerBuilder
"Miller, Brannon",10116,1,0,US Citizen,yes,8/16/2012,null,N/A-StillEmployed,Active,Indeed
"Miller, Ned",10298,5,0,US Citizen,No,8/15/2011,9/4/2014,unhappy,Voluntarily Terminated,LinkedIn
"Monkfish, Erasumus",10213,1,0,US Citizen,No,11/7/2011,null,N/A-StillEmployed,Active,LinkedIn
"Monroe, Peter",10288,1,1,Eligible NonCitizen,Yes,2/15/2012,null,N/A-StillEmployed,Active,Diversity Job Fair
"Monterro, Luisa",10025,1,0,US Citizen,No,5/13/2013,null,N/A-StillEmployed,Active,Indeed
"Moran, Patrick",10223,3,1,US Citizen,No,1/9/2012,null,N/A-StillEmployed,Active,Diversity Job Fair
"Morway, Tanya",10151,1,0,US Citizen,No,2/16/2015,null,N/A-StillEmployed,Active,CareerBuilder
"Motlagh,  Dawn",10254,1,0,US Citizen,No,4/1/2013,null,N/A-StillEmployed,Active,LinkedIn
"Moumanil, Maliki ",10120,1,0,US Citizen,No,5/13/2013,null,N/A-StillEmployed,Active,LinkedIn
"Myers, Michael",10216,1,0,US Citizen,No,7/8/2013,null,N/A-StillEmployed,Active,LinkedIn
"Navathe, Kurt",10079,1,0,US Citizen,No,2/10/2017,null,N/A-StillEmployed,Active,Indeed
"Ndzi, Colombui",10215,5,1,US Citizen,No,9/26/2011,4/4/2014,return to school,Voluntarily Terminated,Diversity Job Fair
"Ndzi, Horia",10185,5,0,US Citizen,No,4/1/2013,5/25/2016,more money,Voluntarily Terminated,Employee Referral
"Newman, Richard ",10063,3,0,US Citizen,No,5/12/2014,null,N/A-StillEmployed,Active,LinkedIn
"Ngodup, Shari ",10037,1,1,US Citizen,No,4/1/2013,null,N/A-StillEmployed,Active,Diversity Job Fair
"Nguyen, Dheepa",10042,1,0,US Citizen,No,7/8/2013,null,N/A-StillEmployed,Active,Indeed
"Nguyen, Lei-Ming",10206,1,0,US Citizen,No,7/8/2013,null,N/A-StillEmployed,Active,LinkedIn
"Nowlan, Kristie",10104,1,0,US Citizen,No,11/10/2014,null,N/A-StillEmployed,Active,Indeed
"O'hare, Lynn",10303,4,0,US Citizen,No,3/31/2014,5/1/2018,performance,Terminated for Cause,LinkedIn
"Oliver, Brooke ",10078,5,0,US Citizen,No,5/14/2012,8/19/2013,unhappy,Voluntarily Terminated,LinkedIn
"Onque, Jasmine",10121,1,0,US Citizen,Yes,9/30/2013,null,N/A-StillEmployed,Active,Indeed
"Osturnka, Adeel",10021,1,0,US Citizen,No,9/30/2013,null,N/A-StillEmployed,Active,LinkedIn
"Owad, Clinton",10281,1,0,US Citizen,No,2/17/2014,null,N/A-StillEmployed,Active,LinkedIn
"Ozark, Travis",10041,1,0,US Citizen,No,1/5/2015,null,N/A-StillEmployed,Active,Website
"Panjwani, Nina",10148,5,0,US Citizen,No,2/7/2011,1/12/2014,Another position,Voluntarily Terminated,Google Search
"Patronick, Lucas",10005,5,1,US Citizen,No,11/7/2011,9/7/2015,Another position,Voluntarily Terminated,Diversity Job Fair
"Pearson, Randall",10259,5,0,US Citizen,No,12/1/2014,5/1/2016,performance,Voluntarily Terminated,Employee Referral
"Smith, Martin",10286,5,0,US Citizen,No,1/10/2011,12/28/2017,career change,Voluntarily Terminated,Google Search
"Pelletier, Ermine",10297,5,0,US Citizen,No,7/5/2011,9/15/2015,unhappy,Voluntarily Terminated,CareerBuilder
"Perry, Shakira",10171,5,0,US Citizen,No,5/16/2011,10/25/2015,medical issues,Voluntarily Terminated,LinkedIn
"Peters, Lauren",10032,5,0,US Citizen,No,5/16/2011,2/4/2013,more money,Voluntarily Terminated,Indeed
"Peterson, Ebonee  ",10130,5,0,US Citizen,No,10/25/2010,5/18/2016,Another position,Voluntarily Terminated,Indeed
"Petingill, Shana  ",10217,1,0,Eligible NonCitizen,No,4/2/2012,null,N/A-StillEmployed,Active,LinkedIn
"Petrowsky, Thelma",10016,1,0,US Citizen,No,11/10/2014,null,N/A-StillEmployed,Active,Employee Referral
"Pham, Hong",10050,5,0,US Citizen,No,7/5/2011,11/30/2012,more money,Voluntarily Terminated,Google Search
"Pitt, Brad ",10164,1,0,US Citizen,No,11/5/2007,null,N/A-StillEmployed,Active,Google Search
"Potts, Xana",10124,1,0,US Citizen,No,1/9/2012,null,N/A-StillEmployed,Active,Website
"Power, Morissa",10187,5,0,Eligible NonCitizen,No,5/16/2011,6/4/2018,Another position,Voluntarily Terminated,Google Search
"Punjabhi, Louis  ",10225,1,0,US Citizen,No,1/6/2014,null,N/A-StillEmployed,Active,Employee Referral
"Purinton, Janine",10262,5,0,US Citizen,No,9/24/2012,6/18/2013,unhappy,Voluntarily Terminated,Indeed
"Quinn, Sean",10131,5,1,Eligible NonCitizen,No,2/21/2011,8/15/2015,career change,Voluntarily Terminated,Diversity Job Fair
"Rachael, Maggie",10239,1,0,US Citizen,No,10/2/2016,null,N/A-StillEmployed,Active,Indeed
"Rarrick, Quinn",10152,5,0,US Citizen,No,9/26/2011,4/7/2018,more money,Voluntarily Terminated,Indeed
"Ren, Kylo",10140,1,0,US Citizen,No,5/12/2014,null,N/A-StillEmployed,Active,CareerBuilder
"Rhoads, Thomas",10058,5,0,US Citizen,Yes,5/16/2011,1/15/2016,retiring,Voluntarily Terminated,LinkedIn
"Rivera, Haley  ",10011,1,0,US Citizen,No,11/28/2011,null,N/A-StillEmployed,Active,Google Search
"Roberson, May",10230,5,0,Eligible NonCitizen,No,9/26/2011,10/22/2011,return to school,Voluntarily Terminated,Google Search
"Robertson, Peter",10224,5,0,US Citizen,No,7/5/2011,2/8/2012,Another position,Voluntarily Terminated,Indeed
"Robinson, Alain  ",10047,5,0,US Citizen,No,1/10/2011,1/26/2016,attendance,Voluntarily Terminated,Indeed
"Robinson, Cherly",10285,4,0,US Citizen,No,1/10/2011,5/17/2016,attendance,Terminated for Cause,Indeed
"Robinson, Elias",10020,1,0,US Citizen,No,7/8/2013,null,N/A-StillEmployed,Active,Employee Referral
"Roby, Lori ",10162,1,0,US Citizen,No,2/16/2015,null,N/A-StillEmployed,Active,Employee Referral
"Roehrich, Bianca",10149,5,0,US Citizen,Yes,1/5/2015,11/10/2018,Another position,Voluntarily Terminated,LinkedIn
"Roper, Katie",10086,1,0,US Citizen,No,1/7/2017,null,N/A-StillEmployed,Active,Indeed
"Rose, Ashley  ",10054,1,0,US Citizen,No,1/6/2014,null,N/A-StillEmployed,Active,Website
"Rossetti, Bruno",10065,5,0,US Citizen,No,4/4/2011,8/13/2018,Another position,Voluntarily Terminated,Google Search
"Roup,Simon",10198,1,0,US Citizen,No,1/20/2013,null,N/A-StillEmployed,Active,Indeed
"Ruiz, Ricardo",10222,5,1,US Citizen,No,1/9/2012,11/4/2015,hours,Voluntarily Terminated,Diversity Job Fair
"Saada, Adell",10126,1,0,US Citizen,No,11/5/2012,null,N/A-StillEmployed,Active,Indeed
"Saar-Beckles, Melinda",10295,2,1,US Citizen,No,7/4/2016,null,N/A-StillEmployed,Active,Diversity Job Fair
"Sadki, Nore  ",10260,5,0,US Citizen,No,1/5/2009,7/30/2018,relocation out of area,Voluntarily Terminated,Google Search
"Sahoo, Adil",10233,1,0,US Citizen,No,8/30/2010,null,N/A-StillEmployed,Active,CareerBuilder
"Salter, Jason",10229,5,0,US Citizen,No,1/5/2015,10/31/2015,hours,Voluntarily Terminated,LinkedIn
"Sander, Kamrin",10169,1,0,US Citizen,No,9/29/2014,null,N/A-StillEmployed,Active,LinkedIn
"Sewkumar, Nori",10071,3,0,US Citizen,No,9/30/2013,null,N/A-StillEmployed,Active,Google Search
"Shepard, Anita ",10179,1,0,US Citizen,No,9/30/2014,null,N/A-StillEmployed,Active,LinkedIn
"Shields, Seffi",10091,1,0,US Citizen,No,8/19/2013,null,N/A-StillEmployed,Active,LinkedIn
"Simard, Kramer",10178,1,0,US Citizen,Yes,1/5/2015,null,N/A-StillEmployed,Active,Employee Referral
"Singh, Nan ",10039,1,0,US Citizen,No,5/1/2015,null,N/A-StillEmployed,Active,Website
"Sloan, Constance",10095,5,0,US Citizen,No,10/26/2009,4/8/2015,maternity leave - did not return,Voluntarily Terminated,CareerBuilder
"Smith, Joe",10027,1,0,US Citizen,No,9/29/2014,null,N/A-StillEmployed,Active,Indeed
"Smith, John",10291,1,1,US Citizen,No,5/18/2014,null,N/A-StillEmployed,Active,Diversity Job Fair
"Smith, Leigh Ann",10153,5,1,US Citizen,No,9/26/2011,9/25/2013,career change,Voluntarily Terminated,Diversity Job Fair
"Smith, Sade",10157,1,0,US Citizen,No,11/11/2013,null,N/A-StillEmployed,Active,Employee Referral
"Soto, Julia ",10119,1,0,US Citizen,No,6/10/2011,null,N/A-StillEmployed,Active,LinkedIn
"Soze, Keyser",10180,2,0,US Citizen,No,6/30/2016,null,N/A-StillEmployed,Active,LinkedIn
"Sparks, Taylor  ",10302,1,0,US Citizen,No,2/20/2012,null,N/A-StillEmployed,Active,Indeed
"Spirea, Kelley",10090,1,0,US Citizen,No,10/2/2012,null,N/A-StillEmployed,Active,LinkedIn
"Squatrito, Kristen",10030,5,0,US Citizen,No,5/13/2013,6/29/2015,unhappy,Voluntarily Terminated,LinkedIn
"Stanford,Barbara  M",10278,1,0,US Citizen,No,1/10/2011,null,N/A-StillEmployed,Active,Google Search
"Stansfield, Norman",10307,1,0,US Citizen,No,5/12/2014,null,N/A-StillEmployed,Active,Website
"Steans, Tyrone  ",10147,1,0,US Citizen,No,9/29/2014,null,N/A-StillEmployed,Active,Indeed
"Stoica, Rick",10266,1,0,US Citizen,No,2/17/2014,null,N/A-StillEmployed,Active,LinkedIn
"Strong, Caitrin",10241,1,0,US Citizen,No,9/27/2010,null,N/A-StillEmployed,Active,Indeed
"Sullivan, Kissy ",10158,1,0,US Citizen,No,1/8/2009,null,N/A-StillEmployed,Active,Indeed
"Sullivan, Timothy",10117,1,0,US Citizen,Yes,1/5/2015,null,N/A-StillEmployed,Active,Google Search
"Sutwell, Barbara",10209,1,0,Eligible NonCitizen,No,5/14/2012,null,N/A-StillEmployed,Active,Indeed
"Szabo, Andrew",10024,1,0,US Citizen,No,7/7/2014,null,N/A-StillEmployed,Active,LinkedIn
"Tannen, Biff",10173,1,0,US Citizen,No,4/20/2017,null,N/A-StillEmployed,Active,Indeed
"Tavares, Desiree  ",10221,5,1,Non-Citizen,No,4/27/2009,4/1/2013,Another position,Voluntarily Terminated,Diversity Job Fair
"Tejeda, Lenora ",10146,5,0,US Citizen,No,5/16/2011,7/8/2017,Another position,Voluntarily Terminated,Google Search
"Terry, Sharlene ",10161,1,0,US Citizen,No,9/29/2014,null,N/A-StillEmployed,Active,Indeed
"Theamstern, Sophia",10141,5,0,US Citizen,No,7/5/2011,9/5/2016,return to school,Voluntarily Terminated,Indeed
"Thibaud, Kenneth",10268,5,0,US Citizen,No,6/25/2007,8/30/2010,military,Voluntarily Terminated,Other
"Tippett, Jeanette",10123,1,0,US Citizen,No,2/18/2013,null,N/A-StillEmployed,Active,Indeed
"Torrence, Jack",10013,1,0,US Citizen,No,1/9/2006,null,N/A-StillEmployed,Active,Indeed
"Trang, Mei",10287,1,0,US Citizen,No,2/17/2014,null,N/A-StillEmployed,Active,LinkedIn
"Tredinnick, Neville ",10044,5,0,US Citizen,No,1/5/2015,2/12/2016,medical issues,Voluntarily Terminated,CareerBuilder
"True, Edward",10102,5,1,Non-Citizen,No,2/18/2013,4/15/2018,medical issues,Voluntarily Terminated,Diversity Job Fair
"Trzeciak, Cybil",10270,5,0,US Citizen,No,1/10/2011,7/2/2014,unhappy,Voluntarily Terminated,LinkedIn
"Turpin, Jumil",10045,1,0,Eligible NonCitizen,No,3/30/2015,null,N/A-StillEmployed,Active,Employee Referral
"Valentin,Jackie",10205,1,0,US Citizen,No,7/5/2011,null,N/A-StillEmployed,Active,Indeed
"Veera, Abdellah ",10014,5,0,US Citizen,No,8/13/2012,2/5/2016,maternity leave - did not return,Voluntarily Terminated,LinkedIn
"Vega, Vincent",10144,1,0,US Citizen,No,8/1/2011,null,N/A-StillEmployed,Active,Employee Referral
"Villanueva, Noah",10253,1,0,US Citizen,No,3/5/2012,null,N/A-StillEmployed,Active,Website
"Voldemort, Lord",10118,4,0,US Citizen,No,2/16/2015,2/22/2017,"no-call, no-show",Terminated for Cause,Employee Referral
"Volk, Colleen",10022,4,0,US Citizen,No,9/26/2011,2/8/2016,gross misconduct,Terminated for Cause,Google Search
"Von Massenbach, Anna",10183,2,0,US Citizen,No,7/5/2015,null,N/A-StillEmployed,Active,LinkedIn
"Walker, Roger",10190,1,0,US Citizen,No,8/18/2014,null,N/A-StillEmployed,Active,Employee Referral
"Wallace, Courtney  E",10274,5,1,US Citizen,No,9/26/2011,1/2/2012,Another position,Voluntarily Terminated,Diversity Job Fair
"Wallace, Theresa",10293,5,0,US Citizen,No,8/13/2012,9/1/2015,career change,Voluntarily Terminated,CareerBuilder
"Wang, Charlie",10172,1,0,US Citizen,No,2/15/2017,null,N/A-StillEmployed,Active,Indeed
"Warfield, Sarah",10127,1,0,US Citizen,No,3/30/2015,null,N/A-StillEmployed,Active,Employee Referral
"Whittier, Scott",10072,5,0,US Citizen,Yes,1/10/2011,5/15/2014,hours,Voluntarily Terminated,LinkedIn
"Wilber, Barry",10048,5,0,Eligible NonCitizen,No,5/16/2011,9/7/2015,unhappy,Voluntarily Terminated,Website
"Wilkes, Annie",10204,5,0,US Citizen,No,1/10/2011,5/14/2012,Another position,Voluntarily Terminated,Google Search
"Williams, Jacquelyn  ",10264,5,1,US Citizen,Yes,1/9/2012,6/27/2015,relocation out of area,Voluntarily Terminated,Diversity Job Fair
"Winthrop, Jordan  ",10033,5,0,US Citizen,No,1/7/2013,2/21/2016,retiring,Voluntarily Terminated,LinkedIn
"Wolk, Hang  T",10174,1,0,US Citizen,No,9/29/2014,null,N/A-StillEmployed,Active,LinkedIn
"Woodson, Jason",10135,1,0,US Citizen,No,7/7/2014,null,N/A-StillEmployed,Active,LinkedIn
"Ybarra, Catherine ",10301,5,0,US Citizen,No,9/2/2008,9/29/2015,Another position,Voluntarily Terminated,Google Search
"Zamora, Jennifer",10010,1,0,US Citizen,No,4/10/2010,null,N/A-StillEmployed,Active,Employee Referral
"Zhou, Julia",10043,1,0,US Citizen,No,3/30/2015,null,N/A-StillEmployed,Active,Employee Referral
"Zima, Colleen",10271,1,0,US Citizen,No,9/29/2014,null,N/A-StillEmployed,Active,LinkedIn
